AbsAbun,alpha,gamma,dontknow
31.6227766016838,112.260856935977,26.2
7.24435960074989,1.95597709220247,1.42
3.46736850452531,0.624126330814556,1.07
1.44543977074593,1.47367378805488,2.63
0.933254300796992,-6.82661112201862,1.88
0.933254300796992,0.559952580478195,1.05
1.20226443461741,-3.47891621791878,1.32
